{"cameraMode":{"drawMode":0,"name":"Shaded","section":"Shading Mode"},"sceneLighting":false,"audioPlay":false,"sceneViewState":{"showFog":true,"showMaterialUpdate":false,"showSkybox":true,"showFlares":true,"showImageEffects":true,"showParticleSystems":true},"in2DMode":false,"pivot":{"x":-1.2547942399978638,"y":-0.9053230285644531,"z":6.54748010635376},"rotation":{"x":-0.1274569183588028,"y":0.009519645944237709,"z":-0.0012178248725831509,"w":-0.9918056130409241},"size":3.0850260257720949,"orthographic":false}